template_id,branch,category,med_phys,med_math,med_ped,sigma_max,flags,grok-4.6_phys,grok-4.6_math,grok-4.6_ped,minimax-m3_phys,minimax-m3_math,minimax-m3_ped,mimo-v2.5-pro_phys,mimo-v2.5-pro_math,mimo-v2.5-pro_ped,grok-4.6_flag,minimax-m3_flag,mimo-v2.5-pro_flag,grok-4.6_conf,minimax-m3_conf,mimo-v2.5-pro_conf
template_absorbing_chain_time_to_failure,industrial_engineering,Pass,5,5,5,0.0,0,5,5,5,5,5,5,5,5,5,0,0,0,5,5,4
template_adiabatic_flame_temperature,chemical_engineering,Pass,5,5,5,0.471,0,5,5,4,5,5,5,5,5,5,0,0,0,5,5,5
template_aliased_frequency_identification,electrical_engineering,Pass,5,5,5,0.471,0,5,5,5,5,5,4,5,5,5,0,0,0,5,5,5
template_angle_of_twist,mechanical_engineering,Pass,5,5,5,0.471,0,4,5,5,5,5,5,5,5,5,0,0,0,5,5,5
template_annulus_flowrate,chemical_engineering,Pass,5,5,5,0.471,0,4,5,5,5,5,5,5,5,5,0,0,0,5,5,5
template_aoq_ati_rectifying,industrial_engineering,Pass,5,5,5,0.471,0,5,5,4,5,5,5,5,5,5,0,0,0,5,5,5
template_arl_beta_mean_shift,industrial_engineering,Pass,5,5,5,0.0,0,5,5,5,5,5,5,5,5,5,0,0,0,5,5,5
template_autocorrelation_rect_pulse,electrical_engineering,Pass,5,5,5,0.0,0,5,5,5,5,5,5,5,5,5,0,0,0,5,5,5
template_average_energy_mqam,electrical_engineering,Controversial,5,4,4,0.816,1,5,3,4,5,4,4,5,5,5,1,0,0,5,5,5
template_axial_deformation,mechanical_engineering,Pass,5,5,4,0.471,0,5,4,4,5,5,4,5,5,5,0,0,0,4,5,5
template_basic_buoyant_force,mechanical_engineering,Critical Failure,3,5,4,0.471,3,3,5,4,4,5,4,3,5,4,1,1,1,4,5,5
template_basic_eoq,industrial_engineering,Pass,5,5,5,0.0,0,5,5,5,5,5,5,5,5,5,0,0,0,5,5,5
template_basic_stress_strain,mechanical_engineering,Pass,5,4,5,0.471,1,5,4,5,5,4,5,5,5,5,0,1,0,5,4,5
template_batch_moles_vs_conversion,chemical_engineering,Critical Failure,5,4,4,0.816,2,5,3,4,5,4,3,5,5,4,1,1,0,5,4,5
template_batch_reactor_first_order,chemical_engineering,Pass,5,5,5,0.471,0,5,4,4,5,5,5,5,5,5,0,0,0,5,5,5
template_batch_reactor_second_order,chemical_engineering,Controversial,5,4,5,0.816,1,5,3,4,5,4,5,5,5,5,1,0,0,4,5,5
template_batch_reactor_zero_order,chemical_engineering,Pass,5,4,5,0.471,1,4,4,5,5,4,5,5,5,4,0,1,0,5,5,5
template_beam_deflection_formula,civil_engineering,Pass,5,5,5,0.0,0,5,5,5,5,5,5,5,5,5,0,0,0,5,5,5
template_beam_internal_moment,civil_engineering,Pass,5,5,5,0.0,0,5,5,5,5,5,5,5,5,5,0,0,0,5,5,5
template_beam_support_reactions,civil_engineering,Pass,5,5,5,0.0,0,5,5,5,5,5,5,5,5,5,0,0,0,5,5,5
template_ber_estimation_mary,electrical_engineering,Pass,5,5,5,0.471,0,5,4,4,5,5,5,5,5,5,0,0,0,4,5,5
template_best_hydraulic_rectangular_section,civil_engineering,Pass,5,5,5,0.0,0,5,5,5,5,5,5,5,5,5,0,0,0,5,5,5
template_borrow_pit_fill_volume,civil_engineering,Pass,5,5,5,0.0,0,5,5,5,5,5,5,5,5,5,0,0,0,5,5,5
template_bpsk_energy_basis,electrical_engineering,Pass,5,5,5,0.471,0,5,5,4,5,5,5,5,5,5,0,0,0,4,5,5
template_c_chart_revision,industrial_engineering,Pass,5,5,5,0.0,0,5,5,5,5,5,5,5,5,5,0,0,0,5,5,5
template_cantilever_double_integration,civil_engineering,Pass,5,5,5,0.0,0,5,5,5,5,5,5,5,5,5,0,0,0,5,5,5
template_cd_dc_system_analysis,electrical_engineering,Controversial,5,5,5,0.943,1,5,3,4,5,5,5,5,5,5,1,0,0,5,5,5
template_chart_pair_selection,industrial_engineering,Pass,5,5,5,0.0,0,5,5,5,5,5,5,5,5,5,0,0,0,5,5,5
template_chase_vs_level_aggregate,industrial_engineering,Pass,5,5,5,0.0,0,5,5,5,5,5,5,5,5,5,0,0,0,5,5,5
template_coaxial_capacitance,electrical_engineering,Pass,5,5,5,0.0,0,5,5,5,5,5,5,5,5,5,0,0,0,5,5,5
template_composite_shafts_series,mechanical_engineering,Controversial,5,5,5,0.943,1,3,5,5,5,5,5,5,5,5,1,0,0,5,5,5
template_constant_head_permeability,civil_engineering,Pass,5,5,5,0.0,0,5,5,5,5,5,5,5,5,5,0,0,0,5,5,5
template_continuous_to_discrete_conversion,electrical_engineering,Controversial,5,5,5,0.943,1,5,3,4,5,5,5,5,5,5,1,0,0,5,5,5
template_coulombs_law,electrical_engineering,Pass,5,4,5,0.471,0,5,4,5,5,4,4,5,5,5,0,0,0,5,5,5
template_cp_cpk_from_specs,industrial_engineering,Pass,5,5,5,0.0,0,5,5,5,5,5,5,5,5,5,0,0,0,5,5,5
template_critical_depth_froude_classification,civil_engineering,Pass,5,5,5,0.0,0,5,5,5,5,5,5,5,5,5,0,0,0,5,5,5
template_cstr_volume_basic,chemical_engineering,Pass,5,5,4,0.471,0,5,5,4,5,5,4,5,5,5,0,0,0,5,5,5
template_damping_classification,mechanical_engineering,Pass,5,5,5,0.0,0,5,5,5,5,5,5,5,5,5,0,0,0,5,5,5
template_decimation_aliasing_analysis,electrical_engineering,Pass,5,5,5,0.471,0,5,4,5,5,5,5,5,5,5,0,0,0,4,5,5
template_effective_stress_profile,civil_engineering,Pass,5,5,5,0.0,0,5,5,5,5,5,5,5,5,5,0,0,0,5,5,5
template_epq_finite_production,industrial_engineering,Pass,5,5,5,0.0,0,5,5,5,5,5,5,5,5,5,0,0,0,5,5,5
template_equivalent_stiffness_frequency,mechanical_engineering,Pass,5,5,5,0.0,0,5,5,5,5,5,5,5,5,5,0,0,0,5,5,5
template_euclidean_distance_binary,electrical_engineering,Pass,5,5,5,0.471,0,5,5,5,5,5,4,5,5,5,0,0,0,5,5,5
template_exponential_mttf_topology,industrial_engineering,Pass,5,5,5,0.0,0,5,5,5,5,5,5,5,5,5,0,0,0,5,5,5
template_falling_film_max_velocity,chemical_engineering,Pass,5,5,5,0.471,0,5,5,5,4,5,4,5,5,5,0,0,0,5,5,5
template_finite_convolution,electrical_engineering,Pass,5,5,4,0.471,0,5,5,4,5,5,4,5,5,5,0,0,0,5,4,5
template_floating_object_submersion_depth,mechanical_engineering,Controversial,4,5,5,0.816,1,4,5,5,3,5,4,5,5,5,0,1,0,5,4,5
template_flow_system_molar_flow_rates,chemical_engineering,Pass,5,4,5,0.471,0,5,4,5,5,4,4,5,5,5,0,0,0,5,5,5
template_fluid_particle_acceleration,mechanical_engineering,Controversial,4,5,4,0.816,1,4,5,4,3,5,4,5,5,5,0,1,0,5,5,5
template_force_method_continuous_beam,civil_engineering,Pass,5,5,5,0.471,0,5,4,5,5,5,5,5,5,5,0,0,0,5,5,5
template_ft_esd_rect_pulse,electrical_engineering,Pass,5,5,5,0.0,0,5,5,5,5,5,5,5,5,5,0,0,0,5,5,5
template_gas_phase_concentration,chemical_engineering,Critical Failure,3,5,3,0.816,3,2,5,3,3,5,3,4,5,3,1,1,1,5,4,4
template_gas_viscosity_kinetic_theory,chemical_engineering,Pass,5,5,5,0.0,0,5,5,5,5,5,5,5,5,5,0,0,0,5,5,5
template_gauss_law_symmetric,electrical_engineering,Critical Failure,5,5,4,0.943,2,5,3,4,5,5,4,5,5,5,1,1,0,5,5,5
template_hagen_poiseuille_flowrate,chemical_engineering,Pass,5,5,5,0.0,0,5,5,5,5,5,5,5,5,5,0,0,0,5,5,5
template_heat_of_reaction_formation,chemical_engineering,Pass,5,5,5,0.471,0,5,5,5,5,5,4,5,5,5,0,0,0,5,5,5
template_hydraulic_jump_energy_loss,civil_engineering,Pass,5,5,5,0.0,0,5,5,5,5,5,5,5,5,5,0,0,0,5,5,5
template_hydrostatic_force_on_plane,mechanical_engineering,Pass,5,5,4,0.0,0,5,5,4,5,5,4,5,5,4,0,0,0,5,5,5
template_hydrostatic_pressure_at_depth,mechanical_engineering,Pass,5,5,5,0.471,0,5,5,4,5,5,5,5,5,5,0,0,0,5,5,5
template_ideal_gas_volume,chemical_engineering,Controversial,5,5,5,0.943,1,4,3,5,5,5,5,5,5,5,1,0,0,5,5,5
template_impulse_response_from_lccde,electrical_engineering,Critical Failure,5,4,4,0.816,2,5,3,4,5,4,3,5,5,4,1,1,0,5,4,5
template_incompressible_continuity,mechanical_engineering,Pass,5,5,4,0.471,0,5,5,5,5,5,4,5,5,4,0,0,0,5,5,5
template_infinite_slope_factor_of_safety,civil_engineering,Pass,5,5,5,0.0,0,5,5,5,5,5,5,5,5,5,0,0,0,5,5,5
template_influence_line_max_reaction,civil_engineering,Pass,5,5,5,0.0,0,5,5,5,5,5,5,5,5,5,0,0,0,5,5,5
template_kinematic_viscosity,chemical_engineering,Pass,5,4,4,0.471,1,5,4,4,4,4,4,5,5,5,0,1,0,5,4,5
template_latent_heat_vaporization,chemical_engineering,Pass,5,5,5,0.0,0,5,5,5,5,5,5,5,5,5,0,0,0,5,5,5
template_levenspiel_plot_interpretation,chemical_engineering,Pass,5,5,5,0.0,0,5,5,5,5,5,5,5,5,5,0,0,0,5,5,5
template_limiting_reactant,chemical_engineering,Pass,5,5,5,0.0,0,5,5,5,5,5,5,5,5,5,0,0,0,5,5,5
template_line_balancing_heuristic,industrial_engineering,Pass,5,5,5,0.0,0,5,5,5,5,5,5,5,5,5,0,0,0,5,4,5
template_linear_reservoir_routing_step,civil_engineering,Pass,5,5,5,0.471,1,5,4,4,5,5,5,5,5,5,1,0,0,4,5,5
template_logarithmic_decrement,mechanical_engineering,Pass,5,5,5,0.0,0,5,5,5,5,5,5,5,5,5,0,0,0,5,5,5
template_lorentz_force,electrical_engineering,Pass,5,5,5,0.471,0,5,4,5,5,5,5,5,5,5,0,0,0,5,5,5
template_lowpass_equivalent_bandpass,electrical_engineering,Pass,5,5,4,0.471,0,5,4,4,5,5,4,5,5,5,0,0,0,5,5,5
template_manning_rectangular_discharge,civil_engineering,Pass,5,5,5,0.0,0,5,5,5,5,5,5,5,5,5,0,0,0,5,5,5
template_manning_trapezoidal_velocity,civil_engineering,Pass,5,5,5,0.0,0,5,5,5,5,5,5,5,5,5,0,0,0,5,5,5
template_max_hump_height_no_choking,civil_engineering,Pass,5,5,5,0.0,0,5,5,5,5,5,5,5,5,5,0,0,0,5,5,5
template_mean_variance,electrical_engineering,Pass,5,5,5,0.0,0,5,5,5,5,5,5,5,5,5,0,0,0,5,5,5
template_mm1_time_in_system,industrial_engineering,Pass,5,5,5,0.0,0,5,5,5,5,5,5,5,5,5,0,0,0,5,5,5
template_mm1k_finite_capacity,industrial_engineering,Pass,5,5,5,0.0,0,5,5,5,5,5,5,5,5,5,0,0,0,5,5,5
template_mmc_waiting_time,industrial_engineering,Pass,5,5,5,0.471,1,5,5,5,5,4,5,5,5,5,0,1,0,5,4,5
template_multi_segment_rod,mechanical_engineering,Pass,5,5,5,0.471,1,5,5,5,5,4,4,5,5,5,0,1,0,5,4,5
template_newsvendor_normal_demand,industrial_engineering,Pass,5,5,5,0.0,0,5,5,5,5,5,5,5,5,5,0,0,0,5,5,5
template_newtons_law_shear_stress,chemical_engineering,Pass,5,5,4,0.471,1,5,4,3,5,5,4,5,5,4,1,0,0,5,5,5
template_normal_depth_iteration,civil_engineering,Pass,5,5,5,0.0,0,5,5,5,5,5,5,5,5,5,0,0,0,5,5,5
template_null_to_null_bandwidth,electrical_engineering,Pass,4,5,5,0.471,0,4,5,5,4,5,5,5,5,5,0,0,0,5,5,5
template_nyquist_rate_determination,electrical_engineering,Pass,5,5,4,0.471,0,5,5,4,5,5,4,5,5,5,0,0,0,5,5,5
template_p_chart_limits_floor,industrial_engineering,Pass,5,5,5,0.0,0,5,5,5,5,5,5,5,5,5,0,0,0,5,5,5
template_particle_pathline,mechanical_engineering,Pass,5,5,5,0.0,0,5,5,5,5,5,5,5,5,5,0,0,0,5,5,5
template_pfr_volume_changing_rate,chemical_engineering,Controversial,5,5,4,0.816,1,5,5,3,5,5,4,5,5,5,1,0,0,5,5,5
template_phase_relations_degree_of_saturation,civil_engineering,Pass,5,5,5,0.0,0,5,5,5,5,5,5,5,5,5,0,0,0,5,5,5
template_phasor_addition,electrical_engineering,Pass,5,5,5,0.0,0,5,5,5,5,5,5,5,5,5,0,0,0,5,5,5
template_pitzer_correlation_z,chemical_engineering,Critical Failure,4,5,5,0.816,2,3,5,5,4,4,4,5,5,5,1,1,0,4,4,5
template_poisson_event_count,industrial_engineering,Pass,5,5,5,0.0,0,5,5,5,5,5,5,5,5,5,0,0,0,5,5,5
template_poissons_ratio,mechanical_engineering,Controversial,5,5,5,0.943,1,3,5,5,5,5,5,5,5,5,1,0,0,5,5,5
template_power_law_fluid_shear,chemical_engineering,Critical Failure,5,5,3,0.943,2,3,5,3,5,5,4,5,5,3,1,0,1,5,5,5
template_primary_consolidation_settlement,civil_engineering,Pass,5,5,5,0.0,0,5,5,5,5,5,5,5,5,5,0,0,0,5,5,5
template_qr_policy_one_iteration,industrial_engineering,Pass,5,5,5,0.0,0,5,5,5,5,5,5,5,5,5,0,0,0,5,5,5
template_quantity_discount_all_units,industrial_engineering,Pass,5,5,5,0.0,0,5,5,5,5,5,5,5,5,5,0,0,0,5,5,5
template_rackett_equation_volume,chemical_engineering,Pass,5,5,5,0.471,0,5,4,4,5,5,5,5,5,5,0,0,0,4,5,5
template_rational_method_peak_flow,civil_engineering,Pass,5,5,5,0.0,0,5,5,5,5,5,5,5,5,5,0,0,0,5,5,5
template_relative_density_of_sand,civil_engineering,Pass,5,5,5,0.0,0,5,5,5,5,5,5,5,5,5,0,0,0,5,5,5
template_reorder_point_lead_time,industrial_engineering,Pass,5,5,4,0.471,0,5,5,4,5,5,4,5,5,5,0,0,0,5,5,5
template_reynolds_number_flow_regime,chemical_engineering,Controversial,5,5,5,0.943,1,5,5,4,5,5,5,5,3,5,0,0,1,5,5,4
template_rotating_unbalance,mechanical_engineering,Pass,5,5,5,0.0,0,5,5,5,5,5,5,5,5,5,0,0,0,5,5,5
template_safety_stock_reorder_point,industrial_engineering,Pass,5,5,5,0.471,0,5,5,5,5,5,4,5,5,5,0,0,0,5,5,5
template_scs_curve_number_runoff,civil_engineering,Pass,5,5,5,0.471,0,5,5,5,5,5,4,5,5,5,0,0,0,5,5,5
template_sensible_heat_constant_cp,chemical_engineering,Pass,5,5,5,0.0,0,5,5,5,5,5,5,5,5,5,0,0,0,5,5,5
template_sensible_heat_temp_dependent_cp,chemical_engineering,Pass,5,5,5,0.0,0,5,5,5,5,5,5,5,5,5,0,0,0,5,5,5
template_server_configuration_selection,industrial_engineering,Critical Failure,5,5,4,0.471,2,5,5,4,5,5,4,5,5,3,0,1,1,5,5,5
template_shaft_design_power,mechanical_engineering,Pass,5,5,5,0.0,0,5,5,5,5,5,5,5,5,5,0,0,0,5,5,5
template_shear_stress_torsion,mechanical_engineering,Pass,5,5,5,0.471,0,4,5,5,5,5,4,5,5,5,0,0,0,5,4,5
template_sigma_reduction_for_cpk,industrial_engineering,Pass,5,5,5,0.471,0,5,5,5,5,5,5,5,5,4,0,0,0,5,5,5
template_signal_energy_power,electrical_engineering,Pass,5,5,5,0.0,0,5,5,5,5,5,5,5,5,5,0,0,0,5,5,5
template_signal_operations,electrical_engineering,Critical Failure,5,5,4,0.943,2,5,3,3,5,5,4,5,5,5,1,1,0,5,4,5
template_single_sampling_oc_point,industrial_engineering,Pass,5,5,5,0.0,0,5,5,5,5,5,5,5,5,5,0,0,0,5,5,5
template_slope_deflection_end_moment,civil_engineering,Pass,5,5,5,0.0,0,5,5,5,5,5,5,5,5,5,0,0,0,5,5,5
template_standing_wave_formation,electrical_engineering,Pass,5,5,5,0.0,0,5,5,5,5,5,5,5,5,5,0,0,0,5,5,5
template_statically_indeterminate,mechanical_engineering,Pass,5,5,5,0.471,0,4,5,5,5,5,5,5,5,5,0,0,0,5,5,5
template_statically_indeterminate_shaft,mechanical_engineering,Pass,5,5,5,0.471,0,4,5,5,5,5,5,5,5,5,0,0,0,5,5,5
template_superposition_electric_field,electrical_engineering,Pass,5,5,4,0.471,0,5,5,4,5,5,4,5,5,5,0,0,0,5,5,5
template_system_properties,mechanical_engineering,Pass,5,5,5,0.0,0,5,5,5,5,5,5,5,5,5,0,0,0,5,5,5
template_system_properties_memory_causality,electrical_engineering,Pass,5,5,5,0.0,0,5,5,5,5,5,5,5,5,5,0,0,0,5,5,5
template_system_property_linearity,electrical_engineering,Pass,5,5,5,0.0,0,5,5,5,5,5,5,5,5,5,0,0,0,5,5,5
template_system_reliability_topology,industrial_engineering,Pass,5,5,5,0.0,0,5,5,5,5,5,5,5,5,5,0,0,0,5,5,5
template_takt_time_line_efficiency,industrial_engineering,Pass,5,5,5,0.0,0,5,5,5,5,5,5,5,5,5,0,0,0,5,5,5
template_terzaghi_strip_footing_bearing,civil_engineering,Pass,5,5,5,0.471,1,5,5,5,5,4,4,5,5,5,0,1,0,5,4,5
template_time_rate_of_consolidation,civil_engineering,Pass,5,5,5,0.0,0,5,5,5,5,5,5,5,5,5,0,0,0,5,5,5
template_time_to_phasor,electrical_engineering,Pass,5,5,5,0.471,0,5,4,4,5,5,5,5,5,5,0,0,0,5,4,5
template_truss_method_of_joints,civil_engineering,Controversial,5,5,4,0.816,1,5,5,3,5,5,4,5,5,5,1,0,0,4,5,5
template_truss_method_of_sections,civil_engineering,Pass,5,5,5,0.0,0,5,5,5,5,5,5,5,5,5,0,0,0,5,5,5
template_two_phase_specific_volume,chemical_engineering,Pass,5,5,5,0.471,0,5,5,5,5,5,4,5,5,5,0,0,0,5,5,5
template_two_state_steady_state,industrial_engineering,Pass,5,5,5,0.0,0,5,5,5,5,5,5,5,5,5,0,0,0,5,5,5
template_two_step_transition_probability,industrial_engineering,Pass,5,5,5,0.0,0,5,5,5,5,5,5,5,5,5,0,0,0,5,5,5
template_undamped_natural_frequency_torsional,mechanical_engineering,Pass,5,5,5,0.471,0,5,4,4,5,5,5,5,5,5,0,0,0,4,5,5
template_undamped_natural_frequency_translational,mechanical_engineering,Controversial,5,5,5,0.943,1,5,3,5,5,5,5,5,5,5,1,0,0,5,5,5
template_undamped_response_initial_conditions,mechanical_engineering,Pass,5,5,5,0.471,0,5,5,5,5,5,4,5,5,5,0,0,0,5,4,5
template_upward_seepage_quick_condition,civil_engineering,Pass,5,5,5,0.0,0,5,5,5,5,5,5,5,5,5,0,0,0,5,5,5
template_utube_manometer,mechanical_engineering,Pass,4,5,4,0.471,0,4,5,4,4,5,4,5,5,5,0,0,0,5,5,5
template_vdw_solve_for_pressure,chemical_engineering,Pass,5,5,5,0.0,0,5,5,5,5,5,5,5,5,5,0,0,0,5,5,5
template_vdw_solve_for_volume,chemical_engineering,Pass,5,5,4,0.471,0,5,5,4,5,5,4,5,5,5,0,0,0,5,5,5
template_vibration_isolator_design,mechanical_engineering,Pass,5,5,5,0.0,0,5,5,5,5,5,5,5,5,5,0,0,0,5,5,5
template_vibration_transmissibility,mechanical_engineering,Pass,5,5,5,0.0,0,5,5,5,5,5,5,5,5,5,0,0,0,5,5,5
template_virtual_work_truss_deflection,civil_engineering,Pass,5,5,5,0.0,0,5,5,5,5,5,5,5,5,5,0,0,0,5,5,5
template_volumetric_flow_rate,mechanical_engineering,Pass,5,5,5,0.471,0,5,4,5,4,5,4,5,5,5,0,0,0,5,5,5
template_vorticity_check,mechanical_engineering,Pass,5,5,4,0.471,0,5,5,4,5,5,4,5,5,5,0,0,0,5,5,5
template_wave_equation_interpretation,electrical_engineering,Critical Failure,5,4,3,0.943,3,5,3,5,5,4,3,5,5,3,1,1,1,5,5,5
template_wave_parameters_basic,electrical_engineering,Pass,5,4,4,0.471,1,5,4,4,5,4,4,5,5,5,0,1,0,4,4,5
template_work_isothermal_virial,chemical_engineering,Critical Failure,4,3,4,0.943,2,3,3,4,4,3,4,5,5,5,1,1,0,4,4,5
template_xbar_known_sigma_classification,industrial_engineering,Pass,5,5,5,0.0,0,5,5,5,5,5,5,5,5,5,0,0,0,5,5,5
template_xbar_r_control_limits,industrial_engineering,Pass,5,5,5,0.0,0,5,5,5,5,5,5,5,5,5,0,0,0,5,5,5
